[
  { "id": 1, "nameOfUnit": "Meter", "type": "LengthConvert" },
  { "id": 2, "nameOfUnit": "Kilimeter", "type": "LengthConvert" },
  { "id": 3, "nameOfUnit": "Centimeter", "type": "LengthConvert" },
  { "id": 4, "nameOfUnit": "Mile", "type": "LengthConvert" },
  { "id": 5, "nameOfUnit": "Yard", "type": "LengthConvert" },
  { "id": 6, "nameOfUnit": "Inch", "type": "LengthConvert" },
  { "id": 7, "nameOfUnit": "Square Meter", "type": "AreaConvert" },
  { "id": 8, "nameOfUnit": "Square Kilometer", "type": "AreaConvert" },
  { "id": 9, "nameOfUnit": "Square Centimeter", "type": "AreaConvert" },
  { "id": 10, "nameOfUnit": "Square Mile", "type": "AreaConvert" },
  { "id": 11, "nameOfUnit": "Square Yard", "type": "AreaConvert" },
  { "id": 12, "nameOfUnit": "Square Inch", "type": "AreaConvert" },
  { "id": 13, "nameOfUnit": "Cubic Meter", "type": "VolumeConvert" },
  { "id": 14, "nameOfUnit": "Cubic Kilometer", "type": "VolumeConvert" },
  { "id": 15, "nameOfUnit": "Cubic Centieter", "type": "VolumeConvert" },
  { "id": 16, "nameOfUnit": "Liter", "type": "VolumeConvert" },
  { "id": 17, "nameOfUnit": "US Cup", "type": "VolumeConvert" },
  { "id": 18, "nameOfUnit": "Second", "type": "TimeConvert" },
  { "id": 19, "nameOfUnit": "Hour", "type": "TimeConvert" },
  { "id": 20, "nameOfUnit": "Day", "type": "TimeConvert" },
  { "id": 21, "nameOfUnit": "Week", "type": "TimeConvert" },
  { "id": 22, "nameOfUnit": "Month", "type": "TimeConvert" },
  { "id": 23, "nameOfUnit": "Year", "type": "TimeConvert" },
  { "id": 24, "nameOfUnit": "Kilogram", "type": "MassConvert" },
  { "id": 25, "nameOfUnit": "Pound", "type": "MassConvert" },
  { "id": 26, "nameOfUnit": "Carrat", "type": "MassConvert" },
  { "id": 27, "nameOfUnit": "Gram", "type": "MassConvert" },
  { "id": 28, "nameOfUnit": "Metric Ton", "type": "MassConvert" },
  { "id": 29, "nameOfUnit": "Short Ton", "type": "MassConvert" }
]
