[
  {
    "id": 1,
    "question": "How do I enter numbers in Scientific Notation ?",
    "answer": "<p>Scientific notation is a way of expressing very large or very small numbers in a more concise form using powers of 10. In scientific notation, a number is written as the product of a coefficient and 10 raised to a power (exponent).</p><p>Here's how you can enter numbers in scientific notation:</p><ol><li>For Large Numbers:</li><li>For Small Numbers:</li></ol>"
  },
  {
    "id": 2,
    "question": "What is a knot ?",
    "answer": "Click on the arrow icon next to each question to reveal the corresponding answer."
  },
  {
    "id": 3,
    "question": "What is a nautical mile ?",
    "answer": "Click on the arrow icon next to each question to reveal the corresponding answer."
  },
  {
    "id": 4,
    "question": "What about rainfall ?",
    "answer": "Click on the arrow icon next to each question to reveal the corresponding answer."
  },
  {
    "id": 5,
    "question": "How do i convert betrween inches of rain, and milimeter of rain ?",
    "answer": "Click on the arrow icon next to each question to reveal the corresponding answer."
  },
  {
    "id": 6,
    "question": "What is the difference between the long ton,short ton and metric ton ?",
    "answer": "Click on the arrow icon next to each question to reveal the corresponding answer."
  },
  {
    "id": 7,
    "question": "At what temperature are Celsius and Fahrenheit the same?",
    "answer": "Click on the arrow icon next to each question to reveal the corresponding answer."
  }
]
