[
  { "id": "1", "nameOfUnit": "Inch", "type": "LengthConvert" },
  { "id": "2", "nameOfUnit": "Milimeter", "type": "LengthConvert" },
  { "id": "3", "nameOfUnit": "Feet", "type": "LengthConvert" },
  { "id": "4", "nameOfUnit": "Meters", "type": "LengthConvert" },
  { "id": "5", "nameOfUnit": "Yards", "type": "LengthConvert" },
  { "id": "6", "nameOfUnit": "Miles", "type": "LengthConvert" },
  { "id": "7", "nameOfUnit": "Kilometers", "type": "LengthConvert" },
  { "id": "8", "nameOfUnit": "Square Inches", "type": "AreaConvert" },
  { "id": "9", "nameOfUnit": "Square Milimeters", "type": "AreaConvert" },
  { "id": "10", "nameOfUnit": "Square Feet", "type": "AreaConvert" },
  { "id": "11", "nameOfUnit": "Square Meters", "type": "AreaConvert" },
  { "id": "12", "nameOfUnit": "Acres", "type": "AreaConvert" },
  { "id": "13", "nameOfUnit": "Hectares", "type": "AreaConvert" },
  { "id": "14", "nameOfUnit": "Square Miles", "type": "AreaConvert" },
  { "id": "15", "nameOfUnit": "Square Kilometers", "type": "AreaConvert" },
  { "id": "16", "nameOfUnit": "US Gallons", "type": "VolumeConvert" },
  { "id": "17", "nameOfUnit": "Liters", "type": "VolumeConvert" },
  { "id": "18", "nameOfUnit": "Cubic Feet", "type": "VolumeConvert" },
  { "id": "19", "nameOfUnit": "Cubic Meter", "type": "VolumeConvert" },
  { "id": "20", "nameOfUnit": "Cubic Yards", "type": "VolumeConvert" },
  { "id": "21", "nameOfUnit": "US Fluid Ounces", "type": "VolumeConvert" },
  { "id": "22", "nameOfUnit": "Mililiters", "type": "VolumeConvert" },
  { "id": "23", "nameOfUnit": "Ounces", "type": "MassConvert" },
  { "id": "24", "nameOfUnit": "Grams", "type": "MassConvert" },
  { "id": "25", "nameOfUnit": "Pounds", "type": "MassConvert" },
  { "id": "26", "nameOfUnit": "Kilograms", "type": "MassConvert" },
  { "id": "27", "nameOfUnit": "Short Ton", "type": "MassConvert" },
  { "id": "28", "nameOfUnit": "Mega Grams", "type": "MassConvert" },
  { "id": "29", "nameOfUnit": "Fahrenheit", "type": "TemperatureConvert" },
  { "id": "30", "nameOfUnit": "Celsius", "type": "TemperatureConvert" },
  { "id": "31", "nameOfUnit": "Second", "type": "TimeConvert" },
  { "id": "32", "nameOfUnit": "Hour", "type": "TimeConvert" },
  { "id": "33", "nameOfUnit": "Day", "type": "TimeConvert" },
  { "id": "34", "nameOfUnit": "Week", "type": "TimeConvert" },
  { "id": "35", "nameOfUnit": "Month", "type": "TimeConvert" },
  { "id": "36", "nameOfUnit": "Year", "type": "TimeConvert" },
  { "id": "37", "nameOfUnit": "USD", "type": "CurrencyConvert" },
  { "id": "38", "nameOfUnit": "VND", "type": "CurrencyConvert" },
  { "id": "39", "nameOfUnit": "EUR", "type": "CurrencyConvert" },
  { "id": "40", "nameOfUnit": "JPY", "type": "CurrencyConvert" },
  { "id": "41", "nameOfUnit": "CNY", "type": "CurrencyConvert" },
  { "id": "42", "nameOfUnit": "Byte", "type": "DataConvert" },
  { "id": "43", "nameOfUnit": "Bit", "type": "DataConvert" },
  { "id": "44", "nameOfUnit": "Gigabit", "type": "DataConvert" },
  { "id": "45", "nameOfUnit": "Gigabyte", "type": "DataConvert" }
]
