[
  { "id": "12", "factor": 25.4 },
  { "id": "13", "factor": 0.0833333333 },
  { "id": "14", "factor": 0.0254 },
  { "id": "15", "factor": 0.0277777778 },
  { "id": "16", "factor": 0.0000157828 },
  { "id": "17", "factor": 0.0000254 },
  { "id": "21", "factor": 0.0393700787 },
  { "id": "23", "factor": 0.0032808399 },
  { "id": "24", "factor": 0.001 },
  { "id": "25", "factor": 0.0010936133 },
  { "id": "26", "factor": 0.0000006214 },
  { "id": "27", "factor": 0.000001 },
  { "id": "31", "factor": 12.0 },
  { "id": "32", "factor": 304.8 },
  { "id": "34", "factor": 0.3048 },
  { "id": "35", "factor": 0.3333333333 },
  { "id": "36", "factor": 0.0001893932 },
  { "id": "37", "factor": 0.0003048 },
  { "id": "41", "factor": 39.37007874 },
  { "id": "42", "factor": 1000.0 },
  { "id": "43", "factor": 3.280839895 },
  { "id": "45", "factor": 1.0936132983 },
  { "id": "46", "factor": 0.0006213689 },
  { "id": "47", "factor": 0.001 },
  { "id": "51", "factor": 36.0 },
  { "id": "52", "factor": 914.4 },
  { "id": "53", "factor": 3.0 },
  { "id": "54", "factor": 0.9144 },
  { "id": "56", "factor": 0.0005681797 },
  { "id": "57", "factor": 0.0009144 },
  { "id": "61", "factor": 63360.23622 },
  { "id": "62", "factor": 1609350.0 },
  { "id": "63", "factor": 5280.019685 },
  { "id": "64", "factor": 1609.35 },
  { "id": "65", "factor": 1760.0065617 },
  { "id": "67", "factor": 1.60935 },
  { "id": "71", "factor": 39370.07874 },
  { "id": "72", "factor": 1000000.0 },
  { "id": "73", "factor": 3280.839895 },
  { "id": "74", "factor": 1000.0 },
  { "id": "75", "factor": 1093.6132983 },
  { "id": "76", "factor": 0.6213688756 },
  { "id": "89", "factor": 645.16 },
  { "id": "810", "factor": 0.0069444444 },
  { "id": "811", "factor": 0.00064516 },
  { "id": "812", "factor": 0.0000001594 },
  { "id": "813", "factor": 0.0000000645 },
  { "id": "814", "factor": 0.0000000002 },
  { "id": "815", "factor": 0.0000000006 },
  { "id": "98", "factor": 0.0015500031 },
  { "id": "910", "factor": 0.0000107639 },
  { "id": "911", "factor": 0.000001 },
  { "id": "912", "factor": 0.0000000002 },
  { "id": "913", "factor": 0.0000000001 },
  { "id": "914", "factor": 0.0 },
  { "id": "915", "factor": 0.0 },
  { "id": "108", "factor": 144.0 },
  { "id": "109", "factor": 92903.04 },
  { "id": "1011", "factor": 0.09290304 },
  { "id": "1012", "factor": 0.0000229568 },
  { "id": "1013", "factor": 0.0000092903 },
  { "id": "1014", "factor": 0.0000000359 },
  { "id": "1015", "factor": 0.0000000929 },
  { "id": "118", "factor": 1550.0031 },
  { "id": "119", "factor": 1000000.0 },
  { "id": "1110", "factor": 10.763910417 },
  { "id": "1112", "factor": 0.0002471054 },
  { "id": "1113", "factor": 0.0001 },
  { "id": "1114", "factor": 0.0000003861 },
  { "id": "1115", "factor": 0.000001 },
  { "id": "128", "factor": 6272640.0 },
  { "id": "129", "factor": 4046856422.4 },
  { "id": "1210", "factor": 43560.0 },
  { "id": "1211", "factor": 4046.8564224 },
  { "id": "1213", "factor": 0.4046856422 },
  { "id": "1214", "factor": 0.0015624989 },
  { "id": "1215", "factor": 0.0040468564 },
  { "id": "138", "factor": 15500031.0 },
  { "id": "139", "factor": 10000000000.0 },
  { "id": "1310", "factor": 107639.10417 },
  { "id": "1311", "factor": 10000.0 },
  { "id": "1312", "factor": 2.4710538147 },
  { "id": "1314", "factor": 0.0038610188 },
  { "id": "1315", "factor": 0.01 },
  { "id": "148", "factor": 4014492529.0 },
  { "id": "149", "factor": 2589990000000.0 },
  { "id": "1410", "factor": 27878420.34 },
  { "id": "1411", "factor": 2589990.0 },
  { "id": "1412", "factor": 640.00046695 },
  { "id": "1413", "factor": 258.999 },
  { "id": "1415", "factor": 2.58999 },
  { "id": "158", "factor": 1550003100.0 },
  { "id": "159", "factor": 1000000000000.0 },
  { "id": "1510", "factor": 10763910.417 },
  { "id": "1511", "factor": 1000000.0 },
  { "id": "1512", "factor": 247.10538147 },
  { "id": "1513", "factor": 100.0 },
  { "id": "1514", "factor": 0.3861018768 },
  { "id": "1617", "factor": 3.78541 },
  { "id": "1618", "factor": 0.1336804926 },
  { "id": "1619", "factor": 0.00378541 },
  { "id": "1620", "factor": 0.0049511294 },
  { "id": "1621", "factor": 128.0 },
  { "id": "1622", "factor": 3785.41 },
  { "id": "1716", "factor": 0.2641721769 },
  { "id": "1718", "factor": 0.0353146667 },
  { "id": "1719", "factor": 0.001 },
  { "id": "1720", "factor": 0.0013079506 },
  { "id": "1721", "factor": 33.814038638 },
  { "id": "1722", "factor": 1000.0 },
  { "id": "1816", "factor": 7.480523006 },
  { "id": "1817", "factor": 28.316846592 },
  { "id": "1819", "factor": 0.0283168466 },
  { "id": "1820", "factor": 0.037037037 },
  { "id": "1821", "factor": 957.50694476 },
  { "id": "1822", "factor": 28316.846592 },
  { "id": "1916", "factor": 264.17217686 },
  { "id": "1917", "factor": 1000.0 },
  { "id": "1918", "factor": 35.314666721 },
  { "id": "1920", "factor": 1.3079506193 },
  { "id": "1921", "factor": 33814.038638 },
  { "id": "1922", "factor": 1000000.0 },
  { "id": "2016", "factor": 201.97412116 },
  { "id": "2017", "factor": 764.55485798 },
  { "id": "2018", "factor": 27.0 },
  { "id": "2019", "factor": 0.764554858 },
  { "id": "2021", "factor": 25852.687509 },
  { "id": "2022", "factor": 764554.85798 },
  { "id": "2116", "factor": 0.0075059406 },
  { "id": "2117", "factor": 0.0284130625 },
  { "id": "2118", "factor": 0.0010033978 },
  { "id": "2119", "factor": 0.0000284131 },
  { "id": "2120", "factor": 0.0000371629 },
  { "id": "2122", "factor": 28.4130625 },
  { "id": "2216", "factor": 0.0002641722 },
  { "id": "2217", "factor": 0.001 },
  { "id": "2218", "factor": 0.0000353147 },
  { "id": "2219", "factor": 0.000001 },
  { "id": "2220", "factor": 0.0000353147 },
  { "id": "2221", "factor": 0.0338140386 },
  { "id": "2324", "factor": 28.3495 },
  { "id": "2325", "factor": 0.0625 },
  { "id": "2326", "factor": 0.0283495 },
  { "id": "2327", "factor": 0.00003125 },
  { "id": "2328", "factor": 0.0000283495 },
  { "id": "2423", "factor": 0.0352739907 },
  { "id": "2425", "factor": 0.0022046244 },
  { "id": "2426", "factor": 0.001 },
  { "id": "2427", "factor": 0.0000011023 },
  { "id": "2428", "factor": 0.000001 },
  { "id": "2523", "factor": 16.0 },
  { "id": "2524", "factor": 453.592 },
  { "id": "2526", "factor": 0.453592 },
  { "id": "2527", "factor": 0.0005 },
  { "id": "2528", "factor": 0.000453592 },
  { "id": "2623", "factor": 35.273990723 },
  { "id": "2624", "factor": 1000.0 },
  { "id": "2625", "factor": 2.2046244202 },
  { "id": "2627", "factor": 0.0011023122 },
  { "id": "2628", "factor": 0.001 },
  { "id": "2723", "factor": 32000.0 },
  { "id": "2724", "factor": 907184.0 },
  { "id": "2725", "factor": 2000.0 },
  { "id": "2726", "factor": 907.184 },
  { "id": "2728", "factor": 0.907184 },
  { "id": "2823", "factor": 35273.990723 },
  { "id": "2824", "factor": 1000000.0 },
  { "id": "2825", "factor": 2204.6244202 },
  { "id": "2826", "factor": 1000.0 },
  { "id": "2827", "factor": 1.1023122101 },
  { "id": "2930", "factor": -17.22222222 },
  { "id": "3029", "factor": 33.8 },
  { "id": "3132", "factor": 0.000277778 },
  { "id": "3133", "factor": 0.0000115741 },
  { "id": "3134", "factor": 0.0000016534 },
  { "id": "3135", "factor": 0.0000003802570537 },
  { "id": "3136", "factor": 0.00000003168808781 },
  { "id": "3231", "factor": 3600 },
  { "id": "3233", "factor": 0.041666667 },
  { "id": "3234", "factor": 0.005952381 },
  { "id": "3235", "factor": 0.001368925 },
  { "id": "3236", "factor": 0.000114077 },
  { "id": "3331", "factor": 86400 },
  { "id": "3332", "factor": 24 },
  { "id": "3334", "factor": 0.142857143 },
  { "id": "3335", "factor": 0.032854209 },
  { "id": "3336", "factor": 0.002737851 },
  { "id": "3431", "factor": 604800 },
  { "id": "3432", "factor": 168 },
  { "id": "3433", "factor": 7 },
  { "id": "3435", "factor": 0.229979466 },
  { "id": "3436", "factor": 0.019164956 },
  { "id": "3531", "factor": 2629800 },
  { "id": "3532", "factor": 730.5 },
  { "id": "3533", "factor": 30.4375 },
  { "id": "3534", "factor": 4.348214286 },
  { "id": "3536", "factor": 0.083333333 },
  { "id": "3631", "factor": 31557600 },
  { "id": "3632", "factor": 8766 },
  { "id": "3633", "factor": 365.25 },
  { "id": "3634", "factor": 52.17857143 },
  { "id": "3635", "factor": 12 },
  { "id": "3738", "factor": 24260 },
  { "id": "3739", "factor": 0.91 },
  { "id": "3740", "factor": 142.23 },
  { "id": "3741", "factor": 7.14 },
  { "id": "3837", "factor": 0.000041 },
  { "id": "3839", "factor": 0.000037 },
  { "id": "3840", "factor": 0.0059 },
  { "id": "3841", "factor": 0.00029 },
  { "id": "3937", "factor": 1.1 },
  { "id": "3938", "factor": 26748.71 },
  { "id": "3940", "factor": 156.81 },
  { "id": "3941", "factor": 7.88 },
  { "id": "4037", "factor": 0.007 },
  { "id": "4038", "factor": 170.59 },
  { "id": "4039", "factor": 0.0064 },
  { "id": "4041", "factor": 0.05 },
  { "id": "4137", "factor": 0.14 },
  { "id": "4138", "factor": 3396.86 },
  { "id": "4139", "factor": 0.13 },
  { "id": "4140", "factor": 19.91 },
{ "id": "11", "factor": 1 },
{ "id": "22", "factor": 1 },
{ "id": "33", "factor": 1 },
{ "id": "44", "factor": 1 },
{ "id": "55", "factor": 1 },
{ "id": "66", "factor": 1 },
{ "id": "77", "factor": 1 },
{ "id": "88", "factor": 1 },
{ "id": "99", "factor": 1 },
{ "id": "1010", "factor": 1 },
{ "id": "1111", "factor": 1 },
{ "id": "1212", "factor": 1 },
{ "id": "1313", "factor": 1 },
{ "id": "1414", "factor": 1 },
{ "id": "1515", "factor": 1 },
{ "id": "1616", "factor": 1 },
{ "id": "1717", "factor": 1 },
{ "id": "1818", "factor": 1 },
{ "id": "1919", "factor": 1 },
{ "id": "2020", "factor": 1 },
{ "id": "2121", "factor": 1 },
{ "id": "2222", "factor": 1 },
{ "id": "2323", "factor": 1 },
{ "id": "2424", "factor": 1 },
{ "id": "2525", "factor": 1 },
{ "id": "2626", "factor": 1 },
{ "id": "2727", "factor": 1 },
{ "id": "2828", "factor": 1 },
{ "id": "2929", "factor": 1 },
{ "id": "3030", "factor": 1 },
{ "id": "3131", "factor": 1 },
{ "id": "3232", "factor": 1 },
{ "id": "3333", "factor": 1 },
{ "id": "3434", "factor": 1 },
{ "id": "3535", "factor": 1 },
{ "id": "3636", "factor": 1 },
{ "id": "3737", "factor": 1 },
{ "id": "3838", "factor": 1 },
{ "id": "3939", "factor": 1 },
{ "id": "4040", "factor": 1 },
{ "id": "4141", "factor": 1 }


]
