[
  {
    "id": 1,
    "question": "How do I enter numbers in Scientific Notation ?",
    "answer": "Scientific notation is a way of expressing very large or very small numbers in a more concise form using powers of 10. In scientific notation, a number is written as the product of a coefficient and 10 raised to a power (exponent)."
  },
  {
    "id": 2,
    "question": "What is a knot ?",
    "answer": "The term knot can have various meanings depending on the context. Here are a few common uses of the term : Knot as a Unit of Speed, Knot in the Context of Tying Things, Knot in Mathematics, Knot as a Measurement of Wind Speed, Knot in Anatomy"
  },
  {
    "id": 3,
    "question": "What is a nautical mile ?",
    "answer": "A nautical mile is a unit of measurement used in navigation and maritime contexts to measure distances on the Earth's surface. One nautical mile is defined as one minute of latitude along any meridian. It is approximately equal to one minute of latitude or on"
  },
  {
    "id": 4,
    "question": "What about rainfall ?",
    "answer": "Rainfall refers to the amount of precipitation, usually in the form of rain, that falls from the atmosphere and reaches the Earth's surface. It is a key component of the Earth's water cycle, playing a crucial role in maintaining ecosystems, agriculture, and the overall balance of the planet's water resources"
  },
  {
    "id": 5,
    "question": "How do i convert betrween inches of rain, and milimeter of rain ?",
    "answer": "Click on the arrow icon next to each question to reveal the corresponding answer."
  },
  {
    "id": 6,
    "question": "What is the difference between the long ton,short ton and metric ton ?",
    "answer": "Click on the arrow icon next to each question to reveal the corresponding answer."
  },
  {
    "id": 7,
    "question": "At what temperature are Celsius and Fahrenheit the same?",
    "answer": "Click on the arrow icon next to each question to reveal the corresponding answer."
  }
]
